CREATE TABLE Account(
AccountNumber NUMBER NOT NULL,
Account_Type VARCHAR(20) NOT NULL,
BranchIFSC CHAR(11) NOT NULL,
Account_Balance DECIMAL NOT NULL,
PRIMARY KEY (AccountNumber)
)


CREATE TABLE Account_Interest(
Interest_ID INT GENERATED BY DEFAULT AS IDENTITY,
Account_Number NUmber NOT NULL,
BranchIFSC VARCHAR(11) NOT NULL,
Created_Date DATE NOT NULL,
PRIMARY KEY (Interest_ID)
)

CREATE TABLE Account_Status(
Status_ID INT GENERATED BY DEFAULT AS IDENTITY,
Account_Number NUMBER NOT NULL,
Status VARCHAR(20) NOT NULL,
Created_Date DATE NOT NULL,
PRIMARY KEY (Status_ID)
)

select * from account;

Drop table Account;
CREATE TABLE Account(
AccountNumber NUMBER NOT NULL,
Account_Type VARCHAR(20) NOT NULL,
BranchIFSC VARCHAR(11) NOT NULL,
CustomerID INT NOT NULL,
Account_Balance DECIMAL NOT NULL,
PRIMARY KEY (AccountNumber)
)

Drop table Account_Interest;
CREATE TABLE Account_Interest(
Interest_ID INT GENERATED BY DEFAULT AS IDENTITY,
Account_Number NUmber NOT NULL,
BranchIFSC VARCHAR(11) NOT NULL,
Created_Date DATE NOT NULL,
PRIMARY KEY (Interest_ID)
)

Drop table Account_Status;
CREATE TABLE Account_Status(
Status_ID INT GENERATED BY DEFAULT AS IDENTITY,
Account_Number NUMBER NOT NULL,
Status VARCHAR(20) NOT NULL,
Created_Date DATE NOT NULL,
PRIMARY KEY (Status_ID)
)

INSERT INTO Account VALUES (3719713158835300, 'Savings', 'DMDD0454500', 110, 1500);
INSERT INTO Account VALUES (71086643758945400, 'Savings', 'DMDD0101022', 111, 2000);
INSERT INTO Account VALUES (3690859741294280, 'Savings', 'DMDD0454500', 112, 8056);
INSERT INTO Account VALUES (37530666568966100, 'Savings', 'DMDD0333100', 113, 3098);
INSERT INTO Account VALUES (70048841700216300, 'Savings', 'DMDD0454500', 114, 5000);
INSERT INTO Account VALUES (89135767380499400, 'Savings', 'DMDD0101022', 120, 2500);
INSERT INTO Account VALUES (12494980148173100, 'Checking', 'DMDD0333100', 119, 3500);
INSERT INTO Account VALUES (8744336085399580, 'Checking', 'DMDD0101022', 118, 1890);
INSERT INTO Account VALUES (64289489845768000, 'Checking', 'DMDD0454500', 117, 1051);
INSERT INTO Account VALUES (70149340835549500, 'Checking', 'DMDD0333100', 115, 1053);
INSERT INTO Account VALUES (3719713158835301, 'Savings', 'DMDD0454500', 110, 1500);


INSERT INTO Account_Interest(account_number, branchifsc, created_date) VALUES (3719713158835300, 'DMDD0454500', '01-JAN-21');
INSERT INTO Account_Interest(account_number, branchifsc, created_date) VALUES (71086643758945400, 'DMDD0101022', '01-FEB-21');
INSERT INTO Account_Interest(account_number, branchifsc, created_date) VALUES (3690859741294280, 'DMDD0454500', '01-MAR-21');
INSERT INTO Account_Interest(account_number, branchifsc, created_date) VALUES (37530666568966100, 'DMDD0333100', '01-APR-21');
INSERT INTO Account_Interest(account_number, branchifsc, created_date) VALUES (70048841700216300, 'DMDD0454500', '01-MAY-21');
INSERT INTO Account_Interest(account_number, branchifsc, created_date) VALUES (89135767380499400, 'DMDD0101022', '01-JUN-21');
INSERT INTO Account_Interest(account_number, branchifsc, created_date) VALUES (12494980148173100, 'DMDD0333100', '01-JUL-21');
INSERT INTO Account_Interest(account_number, branchifsc, created_date) VALUES (8744336085399580, 'DMDD0101022', '01-AUG-21');
INSERT INTO Account_Interest(account_number, branchifsc, created_date) VALUES (64289489845768000, 'DMDD0454500', '01-SEP-21');
INSERT INTO Account_Interest(account_number, branchifsc, created_date) VALUES (70149340835549500, 'DMDD0333100', '01-OCT-21');
INSERT INTO Account_Interest(account_number, branchifsc, created_date) VALUES (3719713158835300, 'DMDD0454500', '01-JAN-21');


INSERT INTO Account_Status(account_number, status, created_date) VALUES (3719713158835300, 'Active', '05-JAN-21');
INSERT INTO Account_Status(account_number, status, created_date) VALUES (71086643758945400, 'Active', '09-FEB-21');
INSERT INTO Account_Status(account_number, status, created_date) VALUES (3690859741294280, 'Active', '08-MAR-21');
INSERT INTO Account_Status(account_number, status, created_date) VALUES (37530666568966100, 'Active', '07-APR-21');
INSERT INTO Account_Status(account_number, status, created_date) VALUES (70048841700216300, 'Active', '06-MAY-21');
INSERT INTO Account_Status(account_number, status, created_date) VALUES (89135767380499400, 'Active', '05-JUN-21');
INSERT INTO Account_Status(account_number, status, created_date) VALUES (12494980148173100, 'Active', '04-JUL-21');
INSERT INTO Account_Status(account_number, status, created_date) VALUES (8744336085399580, 'Active', '03-AUG-21');
INSERT INTO Account_Status(account_number, status, created_date) VALUES (64289489845768000, 'Active', '02-SEP-21');
INSERT INTO Account_Status(account_number, status, created_date) VALUES (70149340835549500, 'Active', '21-OCT-21');
INSERT INTO Account_Status(account_number, status, created_date) VALUES (701493408355495114, 'InActive', '27-NOV-21');

CREATE VIEW Stat3 AS
  SELECT 
  account_number,status
  FROM Account_status 
  WHERE status='InActive';

Select * from Stat3;
