SET SERVEROUTPUT ON;

declare
    constr all_constraints.constraint_name%TYPE;
begin
    for constr in
        (select constraint_name from all_constraints
        where table_name = 'D'
        and owner = 'TRANEE')
    loop
        execute immediate 'alter table D disable constraint '||constr.constraint_name;
    end loop;
end;
/


begin 
for rec in (
           select table_name from user_tables 
           where  not   
           regexp_like(table_name, 'keep_tab1|keep_tab2|^ASB')
           
           
           ) 
loop  
    begin  
    execute immediate 'drop table '||rec.table_name || ' cascade constraints';  
    exception when others then   
    dbms_output.put_line(rec.table_name||':'||sqlerrm);  
    end;  
end loop;               
end;  
/


CREATE TABLE LOAN 
(LoanAccNumber number NOT NULL PRIMARY KEY,
Customer_ID int CONSTRAINT positive_customer_id CHECK (Customer_ID > 0),
LOANIFSC Char(11),
Principal decimal (10,2) CONSTRAINT positive_principal CHECK (Principal > 0) ,
Outstanding Decimal (10,2)  CONSTRAINT positive_outstanding CHECK (Outstanding > 0),
Loan_Type number(1) CHECK (Loan_Type > 0),
Status Varchar (20),
Approved_By_ID int,
Sanction_Date date,
Duration decimal (2,2),
CONSTRAINT check_loan_period
  CHECK (Duration between 0 and 50)
);


CREATE TABLE LOAN_TRANSACTIONS
(LOAN_TRANS_ID number generated by default as identity PRIMARY KEY,
 BRANCHIFSC CHAR (11) NOT NULL,
 LOANIFSC CHAR (11) NOT NULL,
 LoanAccNumber number NOT NULL,
 Amount Decimal (10,2) NOT NULL CONSTRAINT positive_amount CHECK (Amount > 0),
 Transaction_Date Date NOT NULL
);

CREATE TABLE LOAN_INTEREST
( INTEREST_ID number generated by default as identity PRIMARY KEY,
 LoanAccNumber number not null,
 BRANCHIFSC char (11) NOT NULL,
 Loan_Type number(1),
 Deposit_Date Date NOT NULL
 );
 


CREATE TABLE Account_Interest(
Interest_ID INT GENERATED BY DEFAULT AS IDENTITY,
Account_Number Number NOT NULL,
BranchIFSC VARCHAR(11) NOT NULL,
Created_Date DATE NOT NULL,
PRIMARY KEY (Interest_ID)
);

CREATE TABLE Account_Status(
Status_ID INT GENERATED BY DEFAULT AS IDENTITY,
Account_Number NUMBER NOT NULL,
Status VARCHAR(20) NOT NULL,
Created_Date DATE NOT NULL,
PRIMARY KEY (Status_ID)
);

CREATE TABLE WORKS_WITH(
Customer_ID INT NOT NULL,
Employee_ID INT NOT NULL,
Relationship varchar(20),
PRIMARY KEY (Customer_ID,Employee_ID)
);

CREATE TABLE Branch_Supplier (
Supplier_ID int PRIMARY KEY,
Supplier_Name  VARCHAR(20) NOT NULL,
Supplier_Type  VARCHAR(20),
Branch_ID NUMBER
);



CREATE TABLE EMPLOYEE 
   (
    EMPLOYEE_ID NUMBER NOT NULL, 
	BRANCH_ID NUMBER(10,0) NOT NULL, 
	DEPARTMENT VARCHAR2(20 BYTE) NOT NULL, 
	FIRST_NAME VARCHAR2(20 BYTE) NOT NULL, 
	LAST_NAME VARCHAR2(20 BYTE), 
	SEX CHAR(1), 
	DOB DATE, 
	SALARY NUMBER(10,2), 
	EMP_ROLE VARCHAR2(20 BYTE), 
	EMAIL_ID VARCHAR2(40 BYTE) UNIQUE, 
	CONTACT_NO NUMBER(10,0) NOT NULL UNIQUE, 
	SUPERVISOR_ID NUMBER, 
	 CONSTRAINT "EMP_EMPLOYEE_ID" CHECK ( Employee_Id > 0 ), 
	 CONSTRAINT "EMP_BRANCH_ID" CHECK (Branch_Id > 0 ), 
	 CONSTRAINT "GENDER_CHECK" CHECK (Sex IN ('F','M','O')), 
	 CONSTRAINT "SAL_CHECK" CHECK (Salary > 0 ), 
	 CONSTRAINT "CONTACT_CHECK" CHECK ( LENGTH(CONTACT_NO) = 10 ), 
	 PRIMARY KEY ("EMPLOYEE_ID")
    ); 
    

CREATE TABLE TRANSACTIONS(

    Tansaction_ID   int primary key,
    Debit_Account   number,
    Credit_Account  number,
    IFSC_Code_Debit char(11),
    IFSC_Code_Credit char (11),
    Amount          Decimal(10,2) not null constraint amt_check check( Amount > 0),
    Transaction_date date,
    Message         varchar(100),
    Status          varchar(20)

);



CREATE TABLE CUSTOMER(
Customer_ID INT PRIMARY KEY,
First_Name VARCHAR(20) NOT NULL,
Last_Name VARCHAR(20) NOT NULL,
DOB Date,
Works_at VARCHAR(20),
Sex VARCHAR(1) CONSTRAINT Genders CHECK(Sex IN ('M','F','O')),
Apt_No VARCHAR(20),
Street VARCHAR(20),
City VARCHAR(20),
CState VARCHAR(2),
Zipcode int CONSTRAINT Zip_Length CHECK (LENGTH(Zipcode)=5),
Phone int UNIQUE CONSTRAINT Phone_Length CHECK(LENGTH(Phone)=10)
);


CREATE TABLE Account(
AccountNumber NUMBER NOT NULL,
Account_Type VARCHAR(20) NOT NULL,
BranchIFSC CHAR(11) NOT NULL,
Customer_ID INT,
Account_Balance DECIMAL NOT NULL CONSTRAINT Balance_Positive CHECK (Account_Balance > 0),
PRIMARY KEY (AccountNumber)
);

 CREATE TABLE LOAN_TYPE
( Loan_Type number(1) PRIMARY KEY CHECK (Loan_Type > 0),
Interest_Rate decimal (2,2) CONSTRAINT positive_interest_rate CHECK (Interest_Rate > 0),
Category varchar (20) NOT NULL
);

CREATE TABLE Branch (
BranchIFSC Char(11) PRIMARY KEY CONSTRAINT elevenchar CHECK (length(BranchIFSC)=11),
Branch_ID   int UNIQUE,
Address  VARCHAR(20) NOT NULL,
Street  VARCHAR(20)NOT NULL,
City   VARCHAR(20) NOT NULL,
State Char(2) NOT NULL,
Zipcode int,
Manager_ID int CONSTRAINT Positive_Manager_ID CHECK(Manager_ID>0)
);

-- Branch (NO FK)


-- Branch Supplier
ALTER TABLE Branch_Supplier ADD CONSTRAINT FK_Branch_ID FOREIGN KEY (Branch_ID) REFERENCES Branch(Branch_ID) ON DELETE CASCADE;

-- Transactions
ALTER TABLE Transactions ADD CONSTRAINT FK_Debit_Account FOREIGN KEY (Debit_Account) REFERENCES Account(AccountNumber)ON DELETE CASCADE;
ALTER TABLE Transactions ADD CONSTRAINT FK_Credit_Account FOREIGN KEY (Credit_Account) REFERENCES Account(AccountNumber)ON DELETE CASCADE;

-- Account Status
ALTER TABLE Account_Status ADD CONSTRAINT FK_Acc_Number FOREIGN KEY (Account_Number) REFERENCES Account(AccountNumber)ON DELETE CASCADE;

-- Account Interest
ALTER TABLE Account_Interest ADD CONSTRAINT FK_AccInterest_Acc_Number FOREIGN KEY (Account_Number) REFERENCES Account(AccountNumber)ON DELETE CASCADE;

-- Account
ALTER TABLE Account ADD CONSTRAINT FK_Account_Customer_ID FOREIGN KEY (Customer_ID) REFERENCES Customer(Customer_ID) ON DELETE CASCADE;

-- Loan
ALTER TABLE Loan ADD CONSTRAINT FK_Customer_ID FOREIGN KEY (Customer_ID) REFERENCES Customer(Customer_ID)ON DELETE CASCADE;
ALTER TABLE Loan ADD CONSTRAINT FK_Loan_Type FOREIGN KEY (Loan_Type) REFERENCES Loan_Type(Loan_Type)ON DELETE CASCADE;
ALTER TABLE Loan ADD CONSTRAINT FK_Loan_IFSC FOREIGN KEY (LOANIFSC) REFERENCES Branch(BranchIFSC)ON DELETE CASCADE;
ALTER TABLE Loan ADD CONSTRAINT FK_Sanction_ID FOREIGN KEY (Approved_By_ID) REFERENCES Employee(Employee_ID)ON DELETE CASCADE;

-- Loan Transactions

ALTER TABLE Loan_Transactions ADD CONSTRAINT FK_LIFSC FOREIGN KEY (LoanIFSC) REFERENCES Branch(BranchIFSC)ON DELETE CASCADE;
ALTER TABLE Loan_Transactions ADD CONSTRAINT FK_LoanAccNumber FOREIGN KEY (LoanAccNumber) REFERENCES Loan(LoanAccNumber)ON DELETE CASCADE;

-- Loan Interest
ALTER TABLE Loan_Interest ADD CONSTRAINT FK_Interest_LoanAccNumber FOREIGN KEY (LoanAccNumber) REFERENCES Loan(LoanAccNumber)ON DELETE CASCADE;
ALTER TABLE Loan_Interest ADD CONSTRAINT FK_Loan_Interest_IFSC FOREIGN KEY (BranchIFSC) REFERENCES Branch(BranchIFSC)ON DELETE CASCADE;
ALTER TABLE Loan_Interest ADD CONSTRAINT FK_Loan_Interst_Loan_Type FOREIGN KEY (Loan_Type) REFERENCES Loan_Type(Loan_Type) ON DELETE CASCADE;
--
-- Loan_Type (NO FK) 

-- Works With
ALTER TABLE Works_With ADD CONSTRAINT FK_Works_With_Emp FOREIGN KEY (Employee_ID) REFERENCES Employee(Employee_ID) ON DELETE CASCADE;
ALTER TABLE Works_With ADD CONSTRAINT FK_Works_With_Customer FOREIGN KEY (Customer_ID) REFERENCES Customer(Customer_ID) ON DELETE CASCADE;
INSERT INTO WORKS_WITH VALUES(100000,114107,'Loan_Approval');
INSERT INTO WORKS_WITH VALUES(100001,114107,'Loan_Approval');
INSERT INTO WORKS_WITH VALUES(100002,114107,'Loan_Approval');
INSERT INTO WORKS_WITH VALUES(100003,114107,'Loan_Approval');
INSERT INTO WORKS_WITH VALUES(100004,114107,'Loan_Approval');
INSERT INTO WORKS_WITH VALUES(100005,114107,'Loan_Approval');
INSERT INTO WORKS_WITH VALUES(100006,114107,'Loan_Approval');
INSERT INTO WORKS_WITH VALUES(100007,114107,'Loan_Approval');
INSERT INTO WORKS_WITH VALUES(100008,119324,'Loan_Approval');
INSERT INTO WORKS_WITH VALUES(100009,119324,'Loan_Approval');
INSERT INTO WORKS_WITH VALUES(100010,119324,'Loan_Approval');
INSERT INTO WORKS_WITH VALUES(100011,119324,'Loan_Approval');
INSERT INTO WORKS_WITH VALUES(100012,119324,'Loan_Approval');
INSERT INTO WORKS_WITH VALUES(100013,119324,'Loan_Approval');
INSERT INTO WORKS_WITH VALUES(100014,119324,'Loan_Approval');
INSERT INTO WORKS_WITH VALUES(100015,119324,'Loan_Approval');
INSERT INTO WORKS_WITH VALUES(100016,119324,'Loan_Approval');
INSERT INTO WORKS_WITH VALUES(100017,119324,'Loan_Approval');
INSERT INTO WORKS_WITH VALUES(100018,119324,'Loan_Approval');
INSERT INTO WORKS_WITH VALUES(100019,118202,'Loan_Approval');
INSERT INTO WORKS_WITH VALUES(100020,118202,'Loan_Approval');
INSERT INTO WORKS_WITH VALUES(100021,118202,'Loan_Approval');
INSERT INTO WORKS_WITH VALUES(100022,118202,'Loan_Approval');
INSERT INTO WORKS_WITH VALUES(100023,118202,'Loan_Approval');
INSERT INTO WORKS_WITH VALUES(100024,118202,'Loan_Approval');
INSERT INTO WORKS_WITH VALUES(100025,118202,'Loan_Approval');
INSERT INTO WORKS_WITH VALUES(100026,118202,'Loan_Approval');
INSERT INTO WORKS_WITH VALUES(100027,118202,'Loan_Approval');
INSERT INTO WORKS_WITH VALUES(100028,118202,'Loan_Approval');
INSERT INTO WORKS_WITH VALUES(100029,118202,'Loan_Approval');
INSERT INTO WORKS_WITH VALUES(100030,118202,'Loan_Approval');
INSERT INTO WORKS_WITH VALUES(100031,115005,'Loan_Approval');
INSERT INTO WORKS_WITH VALUES(100032,115005,'Loan_Approval');
INSERT INTO WORKS_WITH VALUES(100033,115005,'Loan_Approval');
INSERT INTO WORKS_WITH VALUES(100034,115005,'Loan_Approval');
INSERT INTO WORKS_WITH VALUES(100035,115005,'Loan_Approval');
INSERT INTO WORKS_WITH VALUES(100036,115005,'Loan_Approval');
INSERT INTO WORKS_WITH VALUES(100037,115005,'Loan_Approval');
INSERT INTO WORKS_WITH VALUES(100038,115005,'Loan_Approval');
INSERT INTO WORKS_WITH VALUES(100039,115005,'Loan_Approval');
INSERT INTO WORKS_WITH VALUES(100040,115005,'Loan_Approval');
INSERT INTO WORKS_WITH VALUES(100041,115005,'Loan_Approval');
INSERT INTO WORKS_WITH VALUES(100042,111101,'Loan_Approval');
INSERT INTO WORKS_WITH VALUES(100043,111101,'Loan_Approval');
INSERT INTO WORKS_WITH VALUES(100044,111101,'Loan_Approval');
INSERT INTO WORKS_WITH VALUES(100045,111101,'Loan_Approval');
INSERT INTO WORKS_WITH VALUES(100046,111101,'Loan_Approval');
INSERT INTO WORKS_WITH VALUES(100047,111101,'Loan_Approval');
INSERT INTO WORKS_WITH VALUES(100048,111101,'Loan_Approval');
INSERT INTO WORKS_WITH VALUES(100049,111101,'Loan_Approval');
INSERT INTO WORKS_WITH VALUES(100050,111101,'Loan_Approval');

-- Employee
ALTER TABLE Employee ADD CONSTRAINT FK_Emp_Branch FOREIGN KEY (Branch_ID) REFERENCES Branch(Branch_ID) ON DELETE CASCADE;

-- Customer (NO FK)


-- Data Inserting Branch
INSERT INTO BRANCH VALUES ('DMDD0454500',1,'405 Huntington Ave','Park Street','Boston','MA',02120,012324);
INSERT INTO BRANCH VALUES ('DMDD0101022',2,'111 Howard Ave','Tremont Street','Boston','MA',02180,055564);
INSERT INTO BRANCH VALUES ('DMDD0333100',3,'333 Longwood Ave','Milk Street','Boston','MA',02190,037567);

-- Data Inserting Employee
INSERT INTO EMPLOYEE VALUES (012324, 1, 'Research', 'Akarsh', 'Singh', 'M',TO_DATE('1999-03-09','YYYY-MM-DD'), 120000, 'Branch Manager', 'akarshsinghh@gmail.com', 7710037766, '');
INSERT INTO EMPLOYEE VALUES (055564, 2, 'Sales', 'Alex', 'ONeil', 'M',TO_DATE('1997-10-06','YYYY-MM-DD'), 115000, 'Branch Manager', 'neilalex32@gmail.com', 8910037766, '');
INSERT INTO EMPLOYEE VALUES (037567, 3, 'Sales', 'Kylie', 'James', 'F',TO_DATE('1992-11-01','YYYY-MM-DD'), 130000, 'Branch Manager', 'thekyliejames@outlook.com', 8910032459, '');
INSERT INTO EMPLOYEE VALUES (036940, 3, 'Sales', 'Megan', 'Smith', 'F',TO_DATE('1999-06-30','YYYY-MM-DD'), 67000, 'Accountant', 'megans30@outlook.com', 8910076403, 037567);
INSERT INTO EMPLOYEE VALUES (036113, 3, 'Software', 'Ravi', 'Teja', 'M',TO_DATE('1998-06-13','YYYY-MM-DD'), 90000, 'Developer', 'tejaravi_tv@gmail.com', 8570076403, '');
INSERT INTO EMPLOYEE VALUES (036999, 3, 'Sales', 'Charlottee', 'Malik', 'F',TO_DATE('1997-02-12','YYYY-MM-DD'), 75000, 'Relationship Officer', 'mcharlottee@outlook.com', 8579076403, 037567);
INSERT INTO EMPLOYEE VALUES (036941, 3, 'Marketing', 'Chang', 'Cho', 'O',TO_DATE('1995-03-24','YYYY-MM-DD'), 77000, 'Head', 'chochangg@outlook.com', 8910076507, '');
INSERT INTO EMPLOYEE VALUES (036942, 3, 'Operations', 'John', 'Ledger', 'M',TO_DATE('1998-06-17','YYYY-MM-DD'), 85000, 'Associate', 'johnl@yahoo.com', 8910071122, 011818);
INSERT INTO EMPLOYEE VALUES (036933, 3, 'Operations', 'Mark', 'Benetton', 'M',TO_DATE('1997-10-30','YYYY-MM-DD'), 84000, 'Associate', 'markbene@outlook.com', 8910072241, 011818);
INSERT INTO EMPLOYEE VALUES (011818, 3, 'Operations', 'Grace', 'Fernandes', 'F',TO_DATE('1982-09-27','YYYY-MM-DD'), 93000, 'Senior Associate', 'gracefernandes30@gmail.com', 8910078979, 037567);
INSERT INTO EMPLOYEE VALUES (056940, 2, 'Sales', 'Josh', 'Jacobs', 'M',TO_DATE('1987-07-18','YYYY-MM-DD'), 69000, 'Accountant', 'srjjacobs@outlook.com', 7120076403,055564);
INSERT INTO EMPLOYEE VALUES (056941, 2, 'Sales', 'Megan', 'Smith', 'F',TO_DATE('1999-06-30','YYYY-MM-DD'), 67000, 'Accountant', 'megansmithh@yahoo.com', 7770076403,055564);
INSERT INTO EMPLOYEE VALUES (056942, 2, 'Operations', 'Elle', 'Bridge', 'F',TO_DATE('1996-08-29','YYYY-MM-DD'), 72000, 'Associate', 'bridgeelle101@outlook.com', 8880072403, 059999);
INSERT INTO EMPLOYEE VALUES (056943, 2, 'Operations', 'Blake', 'Springer', 'M',TO_DATE('1994-06-30','YYYY-MM-DD'), 87000, 'Associate', 'springer.blake@gmail.com', 8999076403, 059999);
INSERT INTO EMPLOYEE VALUES (059999, 2, 'Operations', 'Ajit', 'Poonawala','O',TO_DATE('1975-10-21','YYYY-MM-DD'), 105000, 'Lead Associate', 'poonawal.ajit1@gmail.com', 8999076400, 055564);
INSERT INTO EMPLOYEE VALUES (016940, 1, 'Sales', 'Ram', 'Charan', 'M',TO_DATE('1986-04-18','YYYY-MM-DD'), 69000, 'Accountant', 'rcharan@outlook.com', 8120076403,012324);
INSERT INTO EMPLOYEE VALUES (016941, 1, 'Sales', 'Sharvi', 'Jaffery', 'F',TO_DATE('1999-04-17','YYYY-MM-DD'), 67000, 'Accountant', 'sharvijj@gmail.com', 8770076403,012324);
INSERT INTO EMPLOYEE VALUES (016942, 1, 'Operations', 'Darren', 'Franco', 'M',TO_DATE('1993-08-29','YYYY-MM-DD'), 77000, 'Associate', 'd.franco@outlook.com', 8780076403, 019999);
INSERT INTO EMPLOYEE VALUES (016943, 1, 'Operations', 'Cherry', 'Chan', 'O',TO_DATE('1997-01-05','YYYY-MM-DD'), 72000, 'Associate', 'chancherry05@gmail.com', 7699076403, 019999);
INSERT INTO EMPLOYEE VALUES (019999, 1, 'Operations', 'Nick', 'Bilzerian','M',TO_DATE('1971-11-22','YYYY-MM-DD'), 107000, 'Lead Associate', 'bilznick71@gmail.com', 8000076403, 012324);

INSERT INTO Employee values(100101, 1,'Insurance','Ayushi','Patel', 'F',DATE '1980-11-08',25000,'Accountant','ayushipatel@gmail.com',7856912345, 012324);
INSERT INTO Employee values(101101, 1,'Insurance','Ruchika','Sinha', 'F',DATE '1983-10-08',25000,'Accountant','ruchika19gmail.com',7856912389, 012324);
INSERT INTO Employee values(102101, 2, 'Credit cards','Akshit','Arora', 'M',DATE '1990-10-08',60000,'clerk','akshit20arora@gmail.com',7856912333,055564);
INSERT INTO Employee values(199111, 3,'Credit cards','Eddy','Sharma', 'M',DATE '1980-05-08',50000,'Provisionary Officer','eddysharma123@gmail.com',9999988889, 037567);
INSERT INTO Employee values(104131, 1,'Insurance','Aditya','Tilak', 'M',DATE '1989-10-08',50000,'Banker','adityatilak@gmail.com',7856912322, 012324);
INSERT INTO Employee values(105534, 3,'Private banking','Megshi','Thakur', 'F',DATE '1980-11-08',50000,'Clerk','megshithakur@gmail.com',7856912344, 037567);
INSERT INTO Employee values(105745, 2,'Credit cards','Rinita','Srivastva', 'F',DATE '1967-10-08',50000,'Provisionary Officer','rini@yahoo.com',7856913214, 055564);
INSERT INTO Employee values(107310, 3,'Credit cards','Sneha','Mohan', 'F',DATE '1999-10-08',90000,'Accountant','sneha@yahoo.com',7856913213, 037567);
INSERT INTO Employee values(109557, 2,'Insurance','Sidhant','Kohli', 'M',DATE '1995-10-04',30000,'LIC','sid@yahoo.com',7856913220, 055564);
INSERT INTO Employee values(110644, 3,'Private banking','Yash','Navadiya', 'M',DATE '1989-10-08',30000,'Accountant','yash@yahoo.com',7856913221, 037567);
INSERT INTO Employee values(111101, 1,'Private banking','Virendra','Singh', 'M',DATE '1986-10-08',70000,'Clerk','viv@yahoo.com',7856913229, 012324);
INSERT INTO Employee values(113104, 2,'Insurance','Radhika','Madan', 'F',DATE '1981-10-08',70000,'LIC','radhika@yahoo.com',7856913005, 055564);
INSERT INTO Employee values(114107, 1,'Private banking','Boney','Singh', 'M',DATE '1980-10-08',70000,'LIC','bon@yahoo.com',7856913008, 02324);
INSERT INTO Employee values(115005, 3,'Private banking','Disha','Parmar', 'F',DATE '1968-10-07',70000,'LIC','disha@yahoo.com',7856913007, 037567);
INSERT INTO Employee values(118202, 2,'Private banking','Barkha','Duta', 'F',DATE '1966-11-08',70000,'Banker','barkhadutt@yahoo.com',7856913777, 055564);
INSERT INTO Employee values(119324, 1,'Private banking','Mrinal','Sharma', 'F',DATE '1967-10-08',70000,'Banker','mrinal42@yahoo.com',7856914007, 012324);
INSERT INTO Employee values(120424, 1,'Private banking','Apsara','Sharma', 'F',DATE '1964-10-08',70000,'Banker','mrinal@yahoo.com',7856914003, 012324);

-- Customer
INSERT INTO Customer values(100000,'John','Sander',TO_DATE('1998-05-19','YYYY-MM-DD'),'NE','M','14','Calumet St', 'Boston', 'MA', '12345', '9999999999');
INSERT INTO Customer values(100001,'Adam','Levine',TO_DATE('1990-04-18','YYYY-MM-DD'),'NE','M','14','Milk Street', 'Boston', 'MA', '12345', '9658365933');
INSERT INTO Customer values(100002,'Josh', 'Curry',TO_DATE('1990-03-13','YYYY-MM-DD'),'NE','M','15','Park Street', 'Boston', 'MA', '12345', '8572212077');
INSERT INTO Customer values(100003,'Lakshana','Kolur',TO_DATE('1997-02-14','YYYY-MM-DD'),'SE','F','05','South End Street', 'Boston', 'MA', '12345', '7575838485');
INSERT INTO Customer values(100004,'Clara','Goerge',TO_DATE('1972-03-19','YYYY-MM-DD'),'SE','F','03','Hill Road', 'Boston', 'MA', '12345', '7863542435');
INSERT INTO Customer values(100005,'Meghan','Ritter',TO_DATE('1973-06-16','YYYY-MM-DD'),'NE','F','14','Carter Street', 'Boston', 'MA', '12345', '8755235554');
INSERT INTO Customer values(100006,'Rajdeep','Mamtani',TO_DATE('1979-03-12','YYYY-MM-DD'),'SE','M','14','Mac Street', 'Allston', 'MA', '12345', '7843563450');
INSERT INTO Customer values(100007,'Sonal','Singh',TO_DATE('1988-01-18','YYYY-MM-DD'),'SE','F','23','Shipman Street', 'Allston', 'MA', '12345', '8954398443');
INSERT INTO Customer values(100008,'Jayashree','Kumari',TO_DATE('1984-06-14','YYYY-MM-DD'),'SE','F','14','India Street', 'Allston', 'MA', '12345', '9787837854');
INSERT INTO Customer values(100009,'Harper','Selter',TO_DATE('1966-06-06','YYYY-MM-DD'),'SE','F','11','Mass Ave', 'Cambridge', 'MA', '12345', '9827354354');
INSERT INTO Customer values(100010,'Amol', 'Srivatsav',TO_DATE('1987-05-09','YYYY-MM-DD'),'SE','O','08','Dennis Ave', 'Cambridge', 'MA', '12345', '9873455445');
INSERT INTO Customer values(100011,'Abhimanyu','Sarda',TO_DATE('1990-05-12','YYYY-MM-DD'),'NE','O','14','Huntington Ave', 'Cambridge', 'MA', '12345', '8754493433');
INSERT INTO Customer values(100012,'Amy', 'Hazarika',TO_DATE('1987-05-11','YYYY-MM-DD'),'NE','F','14','7th Ave', 'Cambridge', 'MA', '12345', '9865489380');
INSERT INTO Customer values(100013, 'Tracy' ,'Zelensky',TO_DATE('1988-05-12','YYYY-MM-DD'),'SE','F','14','Light Road', 'Boston', 'MA', '12345', '7893548993');
INSERT INTO Customer values(100014,'Sharron', 'Naim',TO_DATE('1988-07-13','YYYY-MM-DD'),'SE','F','14','Sea Street', 'Boston', 'MA', '12345', '8889876543');
INSERT INTO Customer values(100015,'Charlie', 'Watson',TO_DATE('1990-02-10','YYYY-MM-DD'),'NE','F','14','13th Street', 'Amherst', 'MA', '12345', '7878676887');
INSERT INTO Customer values(100016,'Mrinal', 'Kumar',TO_DATE('1991-08-08','YYYY-MM-DD'),'NE','M','14','Curry Road', 'Amherst', 'MA', '12345', '7665687670');
INSERT INTO Customer values(100017,'Margot', 'Pincha',TO_DATE('1996-03-13','YYYY-MM-DD'),'SE','F','21','Belmont St', 'Amherst', 'MA', '12345', '8765432109');
INSERT INTO Customer values(100019,'Sowmya', 'Raghavan',TO_DATE('1994-04-19','YYYY-MM-DD'),'NE','M','14','Oak Road', 'Amherst', 'MA', '12345', '8765409876');
INSERT INTO Customer values(100020,'Anukriti','Joshi',TO_DATE('1989-03-15','YYYY-MM-DD'),'NE','M','14','Darling St', 'Cambridge', 'MA', '12345', '8754290454');
INSERT INTO Customer values(100021,'Greg','Mathew',TO_DATE('1988-03-15','YYYY-MM-DD'),'NE','M','14','Darling St', 'Amherst', 'MA', '12345', '8754290454');
INSERT INTO Customer values(100022,'Jhon','Mat',TO_DATE('1988-03-15','YYYY-MM-DD'),'NE','M','14','Darling St', 'Amherst', 'MA', '12345', '8754290454');
INSERT INTO Customer values(100023,'Charlie','Chap',TO_DATE('1988-05-15','YYYY-MM-DD'),'NE','M','14','Darling St', 'Boston', 'MA', '12345', '8754290454');
INSERT INTO Customer values(100024,'Samiksha','Bhatnagar',TO_DATE('1999-05-19','YYYY-MM-DD'),'NE','M','14','Darling St', 'Boston', 'MA', '12345', '8754290454');
INSERT INTO Customer values(100025,'Bardia','Moem',TO_DATE('1979-08-15','YYYY-MM-DD'),'NE','M','14','Darling St', 'Amherst', 'MA', '12345', '8754290454');
INSERT INTO Customer values(100026,'Veer','Singh',TO_DATE('1993-08-16','YYYY-MM-DD'),'NE','M','14','Darling St', 'Amherst', 'MA', '12345', '8754290454');
INSERT INTO Customer values(100027,'Akansha','Tarun',TO_DATE('1990-08-20','YYYY-MM-DD'),'NE','M','14','Darling St', 'Boston', 'MA', '12345', '8754290454');
INSERT INTO Customer values(100028,'James','Adam',TO_DATE('1990-09-20','YYYY-MM-DD'),'NE','M','14','Darling St', 'Boston', 'MA', '12345', '8754290454');
INSERT INTO Customer values(100029,'Kendall','Jen',TO_DATE('1996-04-21','YYYY-MM-DD'),'NE','M','14','Darling St', 'Boston', 'MA', '12345', '8754290454');
INSERT INTO Customer values(100030,'Kris','Brown',TO_DATE('1995-04-21','YYYY-MM-DD'),'NE','M','14','Darling St', 'Cambridge', 'MA', '12345', '8754290454');
INSERT INTO Customer values(100031,'Cam','Cristopher',TO_DATE('1992-03-21','YYYY-MM-DD'),'NE','M','14','Darling St', 'Cambridge', 'MA', '12345', '8754290454');
INSERT INTO Customer values(100032,'Cam','Cristopher',TO_DATE('1992-03-21','YYYY-MM-DD'),'NE','M','14','Darling St', 'Cambridge', 'MA', '12345', '8754290454');
INSERT INTO Customer values(100033,'Emily','Swan',TO_DATE('1990-03-23','YYYY-MM-DD'),'NE','M','14','Roxbury St', 'Cambridge', 'MA', '12345', '8754290454');
INSERT INTO Customer values(100034,'Rose','Melott',TO_DATE('1967-01-23','YYYY-MM-DD'),'NE','M','14','Roxbury St', 'Boston', 'MA', '12345', '8754290454');
INSERT INTO Customer values(100035,'Billy','Adam',TO_DATE('1966-01-27','YYYY-MM-DD'),'NE','M','14','Roxbury St', 'Cambridge', 'MA', '12345', '8754290454');
INSERT INTO Customer values(100036,'Hunter','Rodrigo',TO_DATE('1963-04-23','YYYY-MM-DD'),'NE','M','14','Roxbury St', 'Cambridge', 'MA', '12345', '8754290454');
INSERT INTO Customer values(100037,'Eddy','Rodrigo',TO_DATE('1960-04-23','YYYY-MM-DD'),'NE','M','14','Roxbury St', 'Cambridge', 'MA', '12345', '8754290454');
INSERT INTO Customer values(100038,'Anumeha','Jain',TO_DATE('1968-04-25','YYYY-MM-DD'),'NE','M','14','Tremont St', 'Cambridge', 'MA', '12345', '8754290454');
INSERT INTO Customer values(100039,'Saurav','Ganguly',TO_DATE('1956-04-29','YYYY-MM-DD'),'NE','M','14','Tremont St', 'Boston', 'MA', '12345', '8754290454');
INSERT INTO Customer values(100040,'Maddy','Adam',TO_DATE('1998-04-29','YYYY-MM-DD'),'NE','M','14','Tremont St', 'Boston', 'MA', '12345', '8754290454');
INSERT INTO Customer values(100041,'Vasu','Gupta',TO_DATE('1994-04-18','YYYY-MM-DD'),'NE','M','14','Tremont St', 'Amherst', 'MA', '12345', '8754290454');
INSERT INTO Customer values(100042,'Jain','Malik',TO_DATE('1994-04-12','YYYY-MM-DD'),'NE','M','14','Tremont St', 'Amherst', 'MA', '12345', '8754290454');
INSERT INTO Customer values(100043,'Daniel','Rick',TO_DATE('1992-04-14','YYYY-MM-DD'),'NE','M','14','Tremont St', 'Boston', 'MA', '12345', '8754290454');
INSERT INTO Customer values(100044,'Ranbir','Sohni',TO_DATE('1986-04-14','YYYY-MM-DD'),'NE','M','14','Tremont St', 'Cambridge', 'MA', '12345', '8754290454');
INSERT INTO Customer values(100045,'Dwanye','Jhon',TO_DATE('1985-04-15','YYYY-MM-DD'),'NE','M','14','Tremont St', 'Cambridge', 'MA', '12345', '8754290454');
INSERT INTO Customer values(100046,'Dipika','Sharma',TO_DATE('1983-03-17','YYYY-MM-DD'),'NE','M','14','Darling St', 'Cambridge', 'MA', '12345', '8754290454');
INSERT INTO Customer values(100047,'Ariana','James',TO_DATE('1991-03-17','YYYY-MM-DD'),'NE','M','14','Darling St', 'Boston', 'MA', '12345', '8754290454');
INSERT INTO Customer values(100048,'Emma','Rhodes',TO_DATE('1995-02-10','YYYY-MM-DD'),'NE','M','14','Roxbury St', 'Boston', 'MA', '12345', '8754290454');
INSERT INTO Customer values(100049,'Eva','Reeds',TO_DATE('1998-02-10','YYYY-MM-DD'),'NE','M','14','Roxbury St', 'Amherst', 'MA', '12345', '8754290454');
INSERT INTO Customer values(100050,'Nick','Brown',TO_DATE('1998-06-10','YYYY-MM-DD'),'NE','M','14','Roxbury St', 'Cambridge', 'MA', '12345', '8754290454');

--Account 

INSERT INTO Account VALUES (3719713158835300, 'Savings', 'DMDD0454500', 100019, 1500);
INSERT INTO Account VALUES (71086643758945400, 'Savings', 'DMDD0101022',100020, 2000);
INSERT INTO Account VALUES (3690859741294280, 'Savings', 'DMDD0454500', 100001, 8056);
INSERT INTO Account VALUES (37530666568966100, 'Savings', 'DMDD0333100', 100002, 3098);
INSERT INTO Account VALUES (70048841700216300, 'Savings', 'DMDD0454500', 100003, 5000);
INSERT INTO Account VALUES (89135767380499400, 'Savings', 'DMDD0101022', 100004, 2500);
INSERT INTO Account VALUES (12494980148173100, 'Checking', 'DMDD0333100', 100005, 3500);
INSERT INTO Account VALUES (8744336085399580, 'Checking', 'DMDD0101022', 100006, 1890);
INSERT INTO Account VALUES (64289489845768000, 'Checking', 'DMDD0454500', 100007, 1051);
INSERT INTO Account VALUES (70149340835549500, 'Checking', 'DMDD0333100', 100008, 1053);
INSERT INTO Account VALUES (3719713158835400, 'Savings', 'DMDD0454500', 100009, 1500);

--Account Interest

INSERT INTO Account_Interest(account_number, branchifsc, created_date) VALUES (3719713158835300, 'DMDD0454500', '01-JAN-21');
INSERT INTO Account_Interest(account_number, branchifsc, created_date) VALUES (71086643758945400, 'DMDD0101022', '01-FEB-21');
INSERT INTO Account_Interest(account_number, branchifsc, created_date) VALUES (3690859741294280, 'DMDD0454500', '01-MAR-21');
INSERT INTO Account_Interest(account_number, branchifsc, created_date) VALUES (37530666568966100, 'DMDD0333100', '01-APR-21');
INSERT INTO Account_Interest(account_number, branchifsc, created_date) VALUES (70048841700216300, 'DMDD0454500', '01-MAY-21');
INSERT INTO Account_Interest(account_number, branchifsc, created_date) VALUES (89135767380499400, 'DMDD0101022', '01-JUN-21');
INSERT INTO Account_Interest(account_number, branchifsc, created_date) VALUES (12494980148173100, 'DMDD0333100', '01-JUL-21');
INSERT INTO Account_Interest(account_number, branchifsc, created_date) VALUES (8744336085399580, 'DMDD0101022', '01-AUG-21');
INSERT INTO Account_Interest(account_number, branchifsc, created_date) VALUES (64289489845768000, 'DMDD0454500', '01-SEP-21');
INSERT INTO Account_Interest(account_number, branchifsc, created_date) VALUES (70149340835549500, 'DMDD0333100', '01-OCT-21');
INSERT INTO Account_Interest(account_number, branchifsc, created_date) VALUES (3719713158835400, 'DMDD0454500', '01-JAN-21');

--Account Status

INSERT INTO Account_Status(account_number, status, created_date) VALUES (3719713158835300, 'Active', '05-JAN-21');
INSERT INTO Account_Status(account_number, status, created_date) VALUES (71086643758945400, 'Active', '09-FEB-21');
INSERT INTO Account_Status(account_number, status, created_date) VALUES (3690859741294280, 'Active', '08-MAR-21');
INSERT INTO Account_Status(account_number, status, created_date) VALUES (37530666568966100, 'Active', '07-APR-21');
INSERT INTO Account_Status(account_number, status, created_date) VALUES (70048841700216300, 'Active', '06-MAY-21');
INSERT INTO Account_Status(account_number, status, created_date) VALUES (89135767380499400, 'Active', '05-JUN-21');
INSERT INTO Account_Status(account_number, status, created_date) VALUES (12494980148173100, 'Active', '04-JUL-21');
INSERT INTO Account_Status(account_number, status, created_date) VALUES (8744336085399580, 'Active', '03-AUG-21');
INSERT INTO Account_Status(account_number, status, created_date) VALUES (64289489845768000, 'Active', '02-SEP-21');
INSERT INTO Account_Status(account_number, status, created_date) VALUES (70149340835549500, 'Active', '21-OCT-21');
INSERT INTO Account_Status(account_number, status, created_date) VALUES (3719713158835400, 'InActive', '27-NOV-21');

-- Branch Supplier

INSERT INTO Branch_Supplier VALUES (1,'Secure Tech','Security',1);
INSERT INTO Branch_Supplier VALUES (2,'Paper and Co','Envelops',2);
INSERT INTO Branch_Supplier VALUES (3,'Baggit','Fabric Bag',3);
INSERT INTO Branch_Supplier VALUES (4,'Electroplast','Hardware',1);
INSERT INTO Branch_Supplier VALUES (5,'HomeDepot','Stationary',2);
INSERT INTO Branch_Supplier VALUES (6,'BestBuy',' ',3);

